{
  "mu_values": [
    0.049999999999999996,
    0.07125513351514988,
    0.10154588104523678,
    0.14471330623583753,
    0.2062313191450676,
    0.29390080361374565,
    0.41883882003414596,
    0.5968883208572184,
    0.8506271399262945,
    1.212231008541164,
    1.7275536472961097,
    2.4619413158533705,
    3.5085191433519145,
    5.000000000000001
  ],
  "mu_lam_ratio": [
    0.049999999999999996,
    0.07125513351514988,
    0.10154588104523678,
    0.14471330623583753,
    0.2062313191450676,
    0.29390080361374565,
    0.41883882003414596,
    0.5968883208572184,
    0.8506271399262945,
    1.212231008541164,
    1.7275536472961097,
    2.4619413158533705,
    3.5085191433519145,
    5.000000000000001
  ],
  "lam_fixed": 1.0,
  "h0": 0.5,
  "s0": 0.2,
  "R": 10,
  "baseline": {
    "c_H": 4.0,
    "c_L": 6.0,
    "t": 5.0,
    "tau": 3.0,
    "g": 2.4,
    "delta_loc": 2000.0,
    "delta_glob": 500.0,
    "tau_BA": 5.0,
    "kappa": 1.0,
    "N": 50,
    "k": 3,
    "topology": "er",
    "M": 500,
    "mu_P": 7.0,
    "sigma_P": 1.5,
    "T": 1000,
    "relocate": true
  },
  "tau_ba_sweep": {
    "0.0": {
      "gc_freq": [
        0.0,
        0.0,
        0.0,
        0.0,
        0.0,
        0.0,
        0.0,
        0.0,
        0.0,
        0.0,
        0.0,
        0.0,
        0.0,
        0.0
      ],
      "rtb_freq": [
        1.0,
        1.0,
        1.0,
        1.0,
        1.0,
        1.0,
        1.0,
        1.0,
        1.0,
        1.0,
        1.0,
        1.0,
        1.0,
        1.0
      ],
      "ph_freq": [
        0.0,
        0.0,
        0.0,
        0.0,
        0.0,
        0.0,
        0.0,
        0.0,
        0.0,
        0.0,
        0.0,
        0.0,
        0.0,
        0.0
      ],
      "mean_s": [
        0.004,
        0.004,
        0.004,
        0.0,
        0.0,
        0.0,
        0.0,
        0.0,
        0.0,
        0.0,
        0.0,
        0.0,
        0.0,
        0.0
      ],
      "critical_mu_lam": null
    },
    "5.0": {
      "gc_freq": [
        0.1,
        0.0,
        0.0,
        0.0,
        0.0,
        0.0,
        0.0,
        0.0,
        0.0,
        0.0,
        0.0,
        0.0,
        0.0,
        0.0
      ],
      "rtb_freq": [
        0.9,
        1.0,
        1.0,
        1.0,
        1.0,
        1.0,
        1.0,
        1.0,
        1.0,
        1.0,
        1.0,
        1.0,
        1.0,
        1.0
      ],
      "ph_freq": [
        0.0,
        0.0,
        0.0,
        0.0,
        0.0,
        0.0,
        0.0,
        0.0,
        0.0,
        0.0,
        0.0,
        0.0,
        0.0,
        0.0
      ],
      "mean_s": [
        0.10400000000000001,
        0.004,
        0.004,
        0.0,
        0.0,
        0.0,
        0.0,
        0.0,
        0.0,
        0.0,
        0.0,
        0.0,
        0.0,
        0.0
      ],
      "critical_mu_lam": null
    },
    "10.0": {
      "gc_freq": [
        0.1,
        0.0,
        0.0,
        0.0,
        0.0,
        0.0,
        0.0,
        0.0,
        0.0,
        0.0,
        0.0,
        0.0,
        0.0,
        0.0
      ],
      "rtb_freq": [
        0.9,
        1.0,
        1.0,
        1.0,
        1.0,
        1.0,
        1.0,
        1.0,
        1.0,
        1.0,
        1.0,
        1.0,
        1.0,
        1.0
      ],
      "ph_freq": [
        0.0,
        0.0,
        0.0,
        0.0,
        0.0,
        0.0,
        0.0,
        0.0,
        0.0,
        0.0,
        0.0,
        0.0,
        0.0,
        0.0
      ],
      "mean_s": [
        0.10400000000000001,
        0.004,
        0.004,
        0.0,
        0.0,
        0.0,
        0.0,
        0.0,
        0.0,
        0.0,
        0.0,
        0.0,
        0.0,
        0.0
      ],
      "critical_mu_lam": null
    }
  },
  "delta_loc_sweep": {
    "500.0": {
      "gc_freq": [
        0.0,
        0.0,
        0.0,
        0.0,
        0.0,
        0.0,
        0.0,
        0.0,
        0.0,
        0.0,
        0.0,
        0.0,
        0.0,
        0.0
      ],
      "rtb_freq": [
        1.0,
        1.0,
        1.0,
        1.0,
        1.0,
        1.0,
        1.0,
        1.0,
        1.0,
        1.0,
        1.0,
        1.0,
        1.0,
        1.0
      ],
      "ph_freq": [
        0.0,
        0.0,
        0.0,
        0.0,
        0.0,
        0.0,
        0.0,
        0.0,
        0.0,
        0.0,
        0.0,
        0.0,
        0.0,
        0.0
      ],
      "mean_s": [
        0.004,
        0.004,
        0.004,
        0.0,
        0.0,
        0.0,
        0.0,
        0.0,
        0.0,
        0.0,
        0.0,
        0.0,
        0.0,
        0.0
      ],
      "critical_mu_lam": null
    },
    "2000.0": {
      "gc_freq": [
        0.1,
        0.0,
        0.0,
        0.0,
        0.0,
        0.0,
        0.0,
        0.0,
        0.0,
        0.0,
        0.0,
        0.0,
        0.0,
        0.0
      ],
      "rtb_freq": [
        0.9,
        1.0,
        1.0,
        1.0,
        1.0,
        1.0,
        1.0,
        1.0,
        1.0,
        1.0,
        1.0,
        1.0,
        1.0,
        1.0
      ],
      "ph_freq": [
        0.0,
        0.0,
        0.0,
        0.0,
        0.0,
        0.0,
        0.0,
        0.0,
        0.0,
        0.0,
        0.0,
        0.0,
        0.0,
        0.0
      ],
      "mean_s": [
        0.10400000000000001,
        0.004,
        0.004,
        0.0,
        0.0,
        0.0,
        0.0,
        0.0,
        0.0,
        0.0,
        0.0,
        0.0,
        0.0,
        0.0
      ],
      "critical_mu_lam": null
    },
    "5000.0": {
      "gc_freq": [
        0.2,
        0.1,
        0.1,
        0.1,
        0.2,
        0.2,
        0.1,
        0.1,
        0.1,
        0.1,
        0.1,
        0.1,
        0.1,
        0.1
      ],
      "rtb_freq": [
        0.8,
        0.9,
        0.9,
        0.9,
        0.8,
        0.8,
        0.9,
        0.9,
        0.9,
        0.9,
        0.9,
        0.9,
        0.9,
        0.9
      ],
      "ph_freq": [
        0.0,
        0.0,
        0.0,
        0.0,
        0.0,
        0.0,
        0.0,
        0.0,
        0.0,
        0.0,
        0.0,
        0.0,
        0.0,
        0.0
      ],
      "mean_s": [
        0.20400000000000001,
        0.10400000000000001,
        0.10400000000000001,
        0.1,
        0.2,
        0.2,
        0.1,
        0.1,
        0.1,
        0.1,
        0.1,
        0.1,
        0.1,
        0.1
      ],
      "critical_mu_lam": null
    }
  }
}