{
  "delta_loc_fixed": 1785.8108649787905,
  "tau_BA_fixed": 4.464527162446978,
  "mu_grid": [
    0.12,
    0.6,
    2.4,
    12.0
  ],
  "lam_grid": [
    0.2,
    1.0,
    4.0,
    20.0
  ],
  "gc_area": [
    [
      0.29888888888888887,
      0.29888888888888887,
      0.29888888888888887,
      0.29888888888888887
    ],
    [
      0.23444444444444446,
      0.23444444444444446,
      0.23444444444444446,
      0.23444444444444446
    ],
    [
      0.22777777777777777,
      0.22777777777777777,
      0.22777777777777777,
      0.22777777777777777
    ],
    [
      0.22333333333333333,
      0.22333333333333333,
      0.22333333333333333,
      0.22333333333333333
    ]
  ],
  "mu_marginal": [
    0.29888888888888887,
    0.23444444444444446,
    0.22777777777777777,
    0.22333333333333333
  ],
  "lam_marginal": [
    0.2461111111111111,
    0.2461111111111111,
    0.2461111111111111,
    0.2461111111111111
  ],
  "diag_vals": [
    0.29888888888888887,
    0.23444444444444446,
    0.22777777777777777,
    0.22333333333333333
  ],
  "mu_range_pp": 0.07555555555555554,
  "lam_range_pp": 0.0,
  "diag_range_pp": 0.07555555555555554,
  "axis_verdict": "GC basin area varies most along the mu axis."
}